Sample1,D0,SM,AnTat,92.91389574
Sample1,D0,SM,VSG-228,6.802804052
Sample1,D0,SM,other,0.283300208
